Year,NOC,Sport 1,Medals 1,Sport 2,Medals 2,Sport 3,Medals 3,Sport 4,Medals 4,Sport 5,Medals 5
1960,ARE,Boxing,1,Wrestling,1,,,,,,
1960,ARG,Sailing,3,Boxing,1,,,,,,
1960,AUS,Swimming,34,Equestrianism,6,Athletics,4,Boxing,2,,
1960,AUT,Alpine Skiing,5,Rowing,2,Shooting,1,Ski Jumping,1,,
1960,BEL,Cycling,2,Athletics,1,Sailing,1,,,,
1960,BGR,Wrestling,6,Gymnastics,1,,,,,,
1960,BRA,Basketball,12,Swimming,1,,,,,,
1960,CAN,Ice Hockey,17,Rowing,9,Figure Skating,3,Alpine Skiing,1,,
1960,CHE,Equestrianism,6,Sailing,3,Alpine Skiing,2,Rowing,2,Shooting,1
1960,DEU,Athletics,22,Rowing,18,Cycling,11,Swimming,10,Canoeing,7
1960,DNK,Football,12,Sailing,6,Canoeing,5,,,,
1960,ESP,Hockey,14,,,,,,,,
1960,ETH,Athletics,1,,,,,,,,
1960,FIN,Cross Country Skiing,10,Rowing,2,Athletics,1,Biathlon,1,Boxing,1
1960,FRA,Rowing,5,Equestrianism,4,Alpine Skiing,3,Athletics,2,Wrestling,1
1960,GBR,Athletics,11,Fencing,7,Boxing,3,Swimming,3,Diving,2
1960,GHA,Boxing,1,,,,,,,,
1960,GRC,Sailing,3,,,,,,,,
1960,HUN,Football,16,Water Polo,14,Fencing,13,Canoeing,12,Modern Pentathlon,5
1960,IND,Hockey,13,,,,,,,,
1960,IRN,Wrestling,3,Weightlifting,1,,,,,,
1960,IRQ,Weightlifting,1,,,,,,,,
1960,ITA,Fencing,23,Cycling,14,Water Polo,12,Rowing,9,Gymnastics,8
1960,JPN,Gymnastics,14,Swimming,13,Boxing,1,Shooting,1,Weightlifting,1
1960,MAR,Athletics,1,,,,,,,,
1960,MEX,Diving,1,,,,,,,,
1960,NLD,Swimming,3,Figure Skating,1,Speed Skating,1,,,,
1960,NOR,Cross Country Skiing,5,Speed Skating,3,Sailing,2,Nordic Combined,1,,
1960,NZL,Athletics,3,,,,,,,,
1960,PAK,Hockey,13,Wrestling,1,,,,,,
1960,POL,Athletics,10,Boxing,7,Fencing,6,Canoeing,3,Speed Skating,2
1960,PRT,Sailing,2,,,,,,,,
1960,ROU,Gymnastics,6,Wrestling,3,Athletics,2,Boxing,1,Canoeing,1
1960,SGP,Weightlifting,1,,,,,,,,
1960,SWE,Cross Country Skiing,7,Canoeing,3,Wrestling,2,Athletics,1,Biathlon,1
1960,TCH,Rowing,11,Gymnastics,7,Boxing,2,Athletics,1,Figure Skating,1
1960,TPE,Athletics,1,,,,,,,,
1960,TUR,Wrestling,9,,,,,,,,
1960,URS,Gymnastics,36,Athletics,24,Fencing,20,Ice Hockey,17,Basketball,12
1960,USA,Swimming,40,Athletics,32,Ice Hockey,17,Basketball,12,Rowing,7
1960,VEN,Shooting,1,,,,,,,,
1960,WIF,Athletics,5,,,,,,,,
1960,YUG,Football,16,Wrestling,1,,,,,,
1960,ZAF,Boxing,2,Athletics,1,,,,,,
1964,ARG,Equestrianism,1,,,,,,,,
1964,AUS,Swimming,20,Hockey,14,Athletics,6,Sailing,3,Judo,1
1964,AUT,Alpine Skiing,7,Luge,5,Bobsleigh,4,Figure Skating,1,,
1964,BEL,Cycling,2,Athletics,1,,,,,,
1964,BGR,Wrestling,8,Boxing,1,Shooting,1,,,,
1964,BHS,Sailing,2,,,,,,,,
1964,BRA,Basketball,12,,,,,,,,
1964,CAN,Bobsleigh,4,Figure Skating,3,Athletics,2,Rowing,2,Judo,1
1964,CHE,Equestrianism,4,Judo,1,Rowing,1,,,,
1964,CUB,Athletics,1,,,,,,,,
1964,DEU,Football,19,Rowing,17,Swimming,15,Equestrianism,13,Athletics,10
1964,DNK,Rowing,4,Sailing,4,Canoeing,2,Cycling,2,,
1964,ETH,Athletics,1,,,,,,,,
1964,FIN,Cross Country Skiing,11,Shooting,2,Ski Jumping,2,Speed Skating,2,Athletics,1
1964,FRA,Fencing,13,Alpine Skiing,6,Athletics,5,Equestrianism,4,Rowing,3
1964,GBR,Athletics,18,Rowing,4,Bobsleigh,2,Sailing,2,Equestrianism,1
1964,GHA,Boxing,1,,,,,,,,
1964,HUN,Football,14,Fencing,12,Water Polo,12,Athletics,4,Modern Pentathlon,4
1964,IND,Hockey,15,,,,,,,,
1964,IRL,Boxing,1,,,,,,,,
1964,IRN,Wrestling,2,,,,,,,,
1964,ITA,Cycling,15,Fencing,11,Bobsleigh,8,Equestrianism,8,Boxing,5
1964,JPN,Volleyball,21,Gymnastics,20,Wrestling,6,Swimming,5,Judo,4
1964,KEN,Athletics,1,,,,,,,,
1964,KOR,Boxing,1,Judo,1,Wrestling,1,,,,
1964,MEX,Boxing,1,,,,,,,,
1964,NGA,Boxing,1,,,,,,,,
1964,NLD,Rowing,10,Swimming,10,Cycling,8,Canoeing,2,Figure Skating,1
1964,NOR,Speed Skating,7,Ski Jumping,4,Cross Country Skiing,2,Biathlon,1,Nordic Combined,1
1964,NZL,Athletics,4,Sailing,2,,,,,,
1964,PAK,Hockey,16,,,,,,,,
1964,PHL,Boxing,1,,,,,,,,
1964,POL,Athletics,14,Fencing,11,Volleyball,10,Boxing,7,Weightlifting,4
1964,ROU,Canoeing,9,Athletics,3,Wrestling,3,Shooting,1,,
1964,SWE,Ice Hockey,17,Cross Country Skiing,10,Sailing,5,Cycling,4,Canoeing,3
1964,TCH,Football,17,Ice Hockey,17,Rowing,11,Volleyball,11,Gymnastics,9
1964,TUN,Athletics,1,Boxing,1,,,,,,
1964,TUR,Wrestling,6,,,,,,,,
1964,URS,Gymnastics,29,Volleyball,23,Athletics,18,Fencing,18,Ice Hockey,17
1964,URY,Boxing,1,,,,,,,,
1964,USA,Swimming,61,Athletics,33,Rowing,19,Basketball,12,Sailing,11
1964,YUG,Water Polo,11,Gymnastics,2,Wrestling,2,,,,
1964,PRK,Speed Skating,1,,,,,,,,
1964,TTO,Athletics,6,,,,,,,,
1968,ARG,Boxing,1,Rowing,1,,,,,,
1968,AUS,Swimming,18,Hockey,14,Rowing,9,Athletics,6,Equestrianism,4
1968,AUT,Alpine Skiing,5,Bobsleigh,4,Luge,3,Athletics,2,Canoeing,2
1968,BEL,Cycling,2,Weightlifting,1,,,,,,
1968,BGR,Football,18,Wrestling,6,Boxing,2,,,,
1968,BRA,Sailing,2,Athletics,1,Boxing,1,,,,
1968,CAN,Ice Hockey,18,Swimming,7,Equestrianism,3,Alpine Skiing,2,,
1968,CHE,Rowing,5,Bobsleigh,4,Alpine Skiing,3,Equestrianism,3,Sailing,3
1968,CUB,Athletics,8,Boxing,2,,,,,,
1968,DNK,Cycling,8,Rowing,5,Sailing,3,Canoeing,1,,
1968,ETH,Athletics,2,,,,,,,,
1968,FIN,Cross Country Skiing,6,Speed Skating,2,Athletics,1,Boxing,1,Gymnastics,1
1968,FRA,Alpine Skiing,8,Cycling,6,Fencing,6,Athletics,5,Equestrianism,4
1968,GBR,Equestrianism,7,Sailing,5,Athletics,4,Boxing,1,Shooting,1
1968,GRC,Wrestling,1,,,,,,,,
1968,HUN,Fencing,19,Football,17,Canoeing,12,Water Polo,11,Athletics,7
1968,IND,Hockey,16,,,,,,,,
1968,IRN,Wrestling,3,Weightlifting,2,,,,,,
1968,ITA,Cycling,11,Rowing,7,Bobsleigh,6,Fencing,6,Sailing,3
1968,JPN,Volleyball,20,Gymnastics,17,Football,16,Wrestling,5,Weightlifting,3
1968,KEN,Athletics,11,Boxing,1,,,,,,
1968,KOR,Boxing,2,,,,,,,,
1968,MEX,Boxing,4,Swimming,2,Athletics,1,Diving,1,Fencing,1
1968,NLD,Speed Skating,9,Cycling,6,Rowing,6,Athletics,1,Swimming,1
1968,NOR,Cross Country Skiing,12,Biathlon,5,Canoeing,4,Speed Skating,4,Sailing,2
1968,NZL,Rowing,5,Athletics,1,Shooting,1,,,,
1968,PAK,Hockey,13,,,,,,,,
1968,POL,Volleyball,12,Fencing,11,Boxing,5,Weightlifting,5,Athletics,2
1968,ROU,Canoeing,7,Fencing,6,Athletics,4,Wrestling,3,Bobsleigh,2
1968,SWE,Cross Country Skiing,10,Cycling,5,Biathlon,4,Sailing,3,Speed Skating,2
1968,TCH,Ice Hockey,18,Volleyball,12,Gymnastics,11,Athletics,2,Ski Jumping,2
1968,TPE,Athletics,1,,,,,,,,
1968,TUN,Athletics,2,,,,,,,,
1968,TUR,Wrestling,2,,,,,,,,
1968,UGA,Boxing,2,,,,,,,,
1968,URS,Gymnastics,28,Fencing,23,Volleyball,23,Swimming,22,Ice Hockey,18
1968,USA,Swimming,83,Athletics,37,Basketball,12,Boxing,7,Diving,6
1968,VEN,Boxing,1,,,,,,,,
1968,YUG,Basketball,12,Water Polo,11,Swimming,2,Wrestling,2,Boxing,1
1968,CMR,Boxing,1,,,,,,,,
1968,JAM,Athletics,1,,,,,,,,
1968,MNG,Wrestling,4,,,,,,,,
1968,FRG,Athletics,11,Rowing,11,Equestrianism,8,Cycling,5,Swimming,5
1968,GDR,Gymnastics,14,Swimming,13,Rowing,11,Athletics,6,Luge,4
1972,ARG,Rowing,1,,,,,,,,
1972,AUS,Swimming,10,Sailing,5,Cycling,3,Athletics,2,,
1972,AUT,Alpine Skiing,4,Athletics,1,Canoeing,1,Figure Skating,1,Shooting,1
1972,BEL,Athletics,2,,,,,,,,
1972,BGR,Wrestling,8,Weightlifting,6,Athletics,4,Boxing,2,Canoeing,2
1972,BRA,Athletics,1,Judo,1,,,,,,
1972,CAN,Swimming,8,Sailing,3,Figure Skating,1,,,,
1972,CHE,Alpine Skiing,6,Bobsleigh,6,Fencing,5,Cross Country Skiing,4,Rowing,2
1972,COL,Boxing,2,Shooting,1,,,,,,
1972,CUB,Basketball,12,Athletics,5,Boxing,5,,,,
1972,DNK,Cycling,1,,,,,,,,
1972,ESP,Alpine Skiing,1,Boxing,1,,,,,,
1972,ETH,Athletics,2,,,,,,,,
1972,FIN,Cross Country Skiing,5,Athletics,4,Biathlon,4,Modern Pentathlon,3,Archery,1
1972,FRA,Fencing,7,Athletics,5,Judo,3,Sailing,3,Alpine Skiing,2
1972,GBR,Athletics,7,Equestrianism,6,Cycling,4,Sailing,4,Boxing,3
1972,GHA,Boxing,1,,,,,,,,
1972,GRC,Sailing,1,Wrestling,1,,,,,,
1972,HUN,Fencing,20,Football,17,Water Polo,11,Gymnastics,6,Canoeing,5
1972,IND,Hockey,14,,,,,,,,
1972,IRN,Wrestling,2,Weightlifting,1,,,,,,
1972,ITA,Equestrianism,6,Fencing,6,Bobsleigh,4,Alpine Skiing,3,Diving,3
1972,JPN,Volleyball,24,Gymnastics,21,Judo,4,Wrestling,4,Ski Jumping,3
1972,KEN,Athletics,9,Boxing,3,,,,,,
1972,KOR,Judo,1,,,,,,,,
1972,LBN,Weightlifting,1,,,,,,,,
1972,MEX,Boxing,1,,,,,,,,
1972,NGA,Boxing,1,,,,,,,,
1972,NLD,Speed Skating,9,Judo,2,Rowing,2,Canoeing,1,Cycling,1
1972,NOR,Cross Country Skiing,12,Canoeing,4,Speed Skating,4,Rowing,2,Biathlon,1
1972,NZL,Rowing,13,Athletics,1,,,,,,
1972,PAK,Hockey,15,,,,,,,,
1972,POL,Football,17,Cycling,6,Fencing,6,Boxing,4,Athletics,3
1972,ROU,Handball,15,Canoeing,9,Fencing,4,Wrestling,4,Rowing,3
1972,SWE,Sailing,6,Equestrianism,4,Diving,2,Speed Skating,2,Swimming,2
1972,TCH,Ice Hockey,18,Handball,16,Rowing,8,Athletics,2,Cross Country Skiing,1
1972,TUN,Athletics,1,,,,,,,,
1972,TUR,Wrestling,1,,,,,,,,
1972,UGA,Athletics,1,Boxing,1,,,,,,
1972,URS,Gymnastics,26,Volleyball,24,Fencing,23,Athletics,20,Ice Hockey,20
1972,USA,Swimming,74,Athletics,28,Ice Hockey,17,Basketball,12,Water Polo,11
1972,YUG,Handball,14,Boxing,2,Wrestling,2,,,,
1972,JAM,Athletics,1,,,,,,,,
1972,MNG,Wrestling,1,,,,,,,,
1972,NER,Boxing,1,,,,,,,,
1972,PRK,Volleyball,11,Boxing,1,Judo,1,Shooting,1,Wrestling,1
1972,FRG,Athletics,20,Hockey,18,Swimming,18,Equestrianism,13,Rowing,9
1972,GDR,Athletics,26,Rowing,26,Swimming,24,Gymnastics,19,Football,17
1976,AUS,Hockey,15,Equestrianism,4,Sailing,3,Swimming,1,,
1976,AUT,Ski Jumping,3,Alpine Skiing,2,Luge,2,Shooting,1,,
1976,BEL,Equestrianism,5,Athletics,3,Cycling,1,,,,
1976,BGR,Basketball,12,Rowing,9,Wrestling,7,Weightlifting,6,Athletics,4
1976,BMU,Boxing,1,,,,,,,,
1976,BRA,Sailing,2,Athletics,1,,,,,,
1976,CAN,Swimming,20,Alpine Skiing,1,Athletics,1,Canoeing,1,Equestrianism,1
1976,CHE,Bobsleigh,6,Fencing,5,Equestrianism,4,Alpine Skiing,3,Judo,1
1976,CUB,Volleyball,12,Boxing,8,Athletics,3,Judo,1,,
1976,DNK,Cycling,5,Sailing,3,,,,,,
1976,ESP,Canoeing,4,Sailing,2,,,,,,
1976,FIN,Cross Country Skiing,11,Biathlon,5,Athletics,4,Rowing,1,Wrestling,1
1976,FRA,Fencing,11,Equestrianism,4,Alpine Skiing,1,Athletics,1,Cycling,1
1976,GBR,Rowing,11,Swimming,6,Cycling,4,Sailing,4,Modern Pentathlon,3
1976,HUN,Handball,14,Canoeing,12,Water Polo,11,Fencing,7,Modern Pentathlon,3
1976,IRN,Weightlifting,1,Wrestling,1,,,,,,
1976,ITA,Fencing,12,Water Polo,11,Alpine Skiing,4,Diving,2,Shooting,2
1976,JPN,Gymnastics,15,Volleyball,12,Wrestling,6,Judo,5,Weightlifting,2
1976,KOR,Volleyball,12,Judo,3,Wrestling,2,,,,
1976,LIE,Alpine Skiing,2,,,,,,,,
1976,MEX,Athletics,1,Boxing,1,,,,,,
1976,NLD,Water Polo,10,Speed Skating,5,Swimming,2,Cycling,1,Figure Skating,1
1976,NOR,Rowing,6,Cross Country Skiing,5,Speed Skating,5,,,,
1976,NZL,Hockey,14,Rowing,9,Athletics,2,,,,
1976,PAK,Hockey,16,,,,,,,,
1976,POL,Football,17,Handball,14,Volleyball,12,Athletics,8,Boxing,5
1976,PRI,Boxing,1,,,,,,,,
1976,PRT,Athletics,1,Shooting,1,,,,,,
1976,ROU,Handball,14,Gymnastics,13,Canoeing,6,Wrestling,6,Boxing,5
1976,SWE,Fencing,5,Sailing,2,Alpine Skiing,1,Athletics,1,Cross Country Skiing,1
1976,TCH,Ice Hockey,19,Rowing,7,Modern Pentathlon,4,Athletics,1,Cycling,1
1976,THA,Boxing,1,,,,,,,,
1976,URS,Rowing,39,Handball,28,Athletics,27,Gymnastics,27,Basketball,24
1976,USA,Swimming,55,Athletics,31,Basketball,24,Rowing,12,Equestrianism,9
1976,VEN,Boxing,1,,,,,,,,
1976,YUG,Basketball,12,Boxing,2,Canoeing,2,Wrestling,2,Judo,1
1976,JAM,Athletics,2,,,,,,,,
1976,MNG,Wrestling,1,,,,,,,,
1976,PRK,Boxing,2,,,,,,,,
1976,TTO,Athletics,1,,,,,,,,
1976,FRG,Ice Hockey,18,Athletics,15,Equestrianism,15,Fencing,12,Rowing,10
1976,GDR,Rowing,54,Athletics,36,Swimming,28,Football,17,Gymnastics,14
1980,AUS,Swimming,11,Athletics,1,Canoeing,1,,,,
1980,AUT,Alpine Skiing,4,Sailing,3,Luge,2,Ski Jumping,2,Equestrianism,1
1980,BEL,Judo,1,,,,,,,,
1980,BGR,Volleyball,22,Rowing,16,Basketball,12,Wrestling,10,Canoeing,9
1980,BRA,Sailing,4,Swimming,4,Athletics,1,,,,
1980,CAN,Alpine Skiing,1,Speed Skating,1,,,,,,
1980,CHE,Bobsleigh,6,Alpine Skiing,3,Cycling,1,Judo,1,,
1980,CUB,Boxing,10,Athletics,4,Judo,3,Weightlifting,2,Shooting,1
1980,DNK,Sailing,5,Cycling,1,Shooting,1,Swimming,1,,
1980,ESP,Hockey,16,Canoeing,4,Sailing,2,Athletics,1,Swimming,1
1980,ETH,Athletics,4,,,,,,,,
1980,FIN,Cross Country Skiing,9,Sailing,3,Archery,2,Athletics,2,Ski Jumping,2
1980,FRA,Fencing,18,Athletics,4,Judo,4,Cycling,2,Alpine Skiing,1
1980,GBR,Athletics,16,Rowing,15,Swimming,13,Judo,2,Boxing,1
1980,GRC,Sailing,3,Wrestling,2,,,,,,
1980,GUY,Boxing,1,,,,,,,,
1980,HUN,Fencing,13,Water Polo,11,Gymnastics,7,Wrestling,7,Canoeing,6
1980,IND,Hockey,16,,,,,,,,
1980,IRL,Sailing,2,Boxing,1,,,,,,
1980,ITA,Basketball,12,Athletics,7,Equestrianism,5,Fencing,5,Luge,3
1980,JPN,Ski Jumping,1,,,,,,,,
1980,LBN,Wrestling,1,,,,,,,,
1980,LIE,Alpine Skiing,4,,,,,,,,
1980,MEX,Equestrianism,9,Diving,1,,,,,,
1980,NLD,Speed Skating,4,Swimming,4,Athletics,1,Judo,1,,
1980,NOR,Cross Country Skiing,8,Speed Skating,7,,,,,,
1980,POL,Athletics,10,Fencing,10,Rowing,7,Wrestling,7,Boxing,5
1980,ROU,Handball,14,Gymnastics,12,Rowing,12,Canoeing,10,Volleyball,10
1980,SWE,Ice Hockey,20,Swimming,10,Modern Pentathlon,3,Alpine Skiing,2,Sailing,2
1980,TCH,Football,16,Hockey,16,Cycling,8,Athletics,2,Rowing,2
1980,UGA,Boxing,1,,,,,,,,
1980,URS,Athletics,56,Rowing,52,Swimming,40,Gymnastics,32,Hockey,32
1980,USA,Ice Hockey,19,Speed Skating,8,Figure Skating,2,Alpine Skiing,1,,
1980,VEN,Boxing,1,,,,,,,,
1980,YUG,Basketball,24,Handball,14,Water Polo,11,Rowing,5,Boxing,1
1980,ZWE,Hockey,15,,,,,,,,
1980,JAM,Athletics,2,Cycling,1,,,,,,
1980,MNG,Judo,2,Wrestling,2,,,,,,
1980,PRK,Weightlifting,2,Wrestling,2,Boxing,1,,,,
1980,TZA,Athletics,2,,,,,,,,
1980,FRG,Biathlon,4,Alpine Skiing,2,Figure Skating,1,Luge,1,,
1980,GDR,Rowing,55,Swimming,42,Athletics,38,Handball,28,Gymnastics,21
1984,AUS,Swimming,20,Rowing,18,Cycling,4,Athletics,3,Canoeing,2
1984,AUT,Judo,2,Alpine Skiing,1,Shooting,1,,,,
1984,BEL,Rowing,3,Cycling,1,Swimming,1,,,,
1984,BRA,Football,16,Volleyball,12,Judo,3,Sailing,3,Athletics,1
1984,CAN,Rowing,23,Swimming,16,Athletics,15,Canoeing,12,Sailing,6
1984,CHE,Equestrianism,5,Alpine Skiing,4,Bobsleigh,4,Cycling,4,Athletics,1
1984,COL,Shooting,1,,,,,,,,
1984,DNK,Rowing,9,Canoeing,2,Equestrianism,1,Shooting,1,,
1984,ESP,Basketball,12,Canoeing,2,Rowing,2,Sailing,2,Athletics,1
1984,FIN,Cross Country Skiing,14,Athletics,4,Ski Jumping,3,Wrestling,3,Nordic Combined,2
1984,FRA,Fencing,23,Football,16,Canoeing,9,Athletics,4,Alpine Skiing,3
1984,GBR,Athletics,22,Hockey,15,Equestrianism,9,Swimming,8,Rowing,5
1984,GRC,Wrestling,2,,,,,,,,
1984,IRL,Athletics,1,,,,,,,,
1984,ISL,Judo,1,,,,,,,,
1984,ITA,Fencing,19,Volleyball,12,Athletics,7,Boxing,5,Modern Pentathlon,5
1984,JPN,Gymnastics,14,Volleyball,12,Wrestling,9,Judo,5,Synchronized Swimming,3
1984,KEN,Athletics,2,Boxing,1,,,,,,
1984,KOR,Handball,13,Basketball,11,Wrestling,7,Judo,5,Boxing,3
1984,LIE,Alpine Skiing,2,,,,,,,,
1984,MAR,Athletics,2,,,,,,,,
1984,MEX,Athletics,3,Boxing,1,Cycling,1,Wrestling,1,,
1984,NGA,Athletics,4,Boxing,1,,,,,,
1984,NLD,Hockey,16,Rowing,11,Swimming,10,Athletics,1,Boxing,1
1984,NOR,Cross Country Skiing,7,Biathlon,6,Rowing,2,Athletics,1,Cycling,1
1984,NZL,Rowing,9,Canoeing,8,Sailing,4,Boxing,1,Equestrianism,1
1984,PAK,Hockey,16,,,,,,,,
1984,PER,Shooting,1,,,,,,,,
1984,PRI,Boxing,2,,,,,,,,
1984,PRT,Athletics,3,,,,,,,,
1984,ROU,Rowing,29,Handball,15,Gymnastics,13,Athletics,10,Fencing,10
1984,SWE,Ice Hockey,20,Canoeing,14,Cross Country Skiing,8,Swimming,7,Wrestling,4
1984,TCH,Ice Hockey,20,Cross Country Skiing,5,Alpine Skiing,1,Figure Skating,1,Ski Jumping,1
1984,THA,Boxing,1,,,,,,,,
1984,TPE,Weightlifting,1,,,,,,,,
1984,TUR,Boxing,2,Wrestling,1,,,,,,
1984,URS,Ice Hockey,20,Figure Skating,9,Speed Skating,9,Cross Country Skiing,8,Biathlon,4
1984,USA,Swimming,63,Athletics,56,Rowing,38,Gymnastics,26,Basketball,24
1984,VEN,Boxing,2,Swimming,1,,,,,,
1984,YUG,Handball,29,Football,17,Water Polo,13,Basketball,12,Canoeing,5
1984,CIV,Athletics,1,,,,,,,,
1984,CMR,Boxing,1,,,,,,,,
1984,DOM,Boxing,1,,,,,,,,
1984,DZA,Boxing,2,,,,,,,,
1984,EGY,Judo,1,,,,,,,,
1984,JAM,Athletics,7,,,,,,,,
1984,ZMB,Boxing,1,,,,,,,,
1984,FRG,Hockey,32,Swimming,21,Fencing,17,Athletics,16,Handball,15
1984,GDR,Bobsleigh,12,Speed Skating,11,Luge,5,Biathlon,2,Ski Jumping,2
1984,SYR,Wrestling,1,,,,,,,,
1984,CHN,Gymnastics,21,Handball,13,Basketball,12,Volleyball,10,Shooting,6
1988,AHO,Sailing,1,,,,,,,,
1988,ARG,Volleyball,12,Tennis,1,,,,,,
1988,AUS,Hockey,16,Cycling,8,Canoeing,3,Swimming,3,Athletics,2
1988,AUT,Alpine Skiing,6,Nordic Combined,4,Speed Skating,2,Judo,1,,
1988,BEL,Judo,1,Shooting,1,,,,,,
1988,BGR,Canoeing,9,Wrestling,8,Rowing,5,Athletics,4,Weightlifting,4
1988,BRA,Football,16,Sailing,4,Athletics,2,Judo,1,,
1988,CAN,Swimming,10,Equestrianism,4,Figure Skating,4,Boxing,3,Synchronized Swimming,3
1988,CHE,Alpine Skiing,11,Equestrianism,5,Bobsleigh,4,Nordic Combined,4,Rowing,2
1988,CHL,Shooting,1,,,,,,,,
1988,COL,Boxing,1,,,,,,,,
1988,DNK,Sailing,5,Cycling,1,Swimming,1,,,,
1988,ESP,Tennis,2,Sailing,1,Shooting,1,Swimming,1,,
1988,FIN,Ice Hockey,22,Cross Country Skiing,6,Ski Jumping,6,Athletics,2,Wrestling,2
1988,FRA,Fencing,7,Equestrianism,6,Athletics,4,Sailing,4,Alpine Skiing,2
1988,GBR,Hockey,16,Athletics,12,Equestrianism,6,Rowing,5,Archery,3
1988,GRC,Wrestling,1,,,,,,,,
1988,HUN,Fencing,15,Canoeing,11,Swimming,6,Modern Pentathlon,4,Shooting,2
1988,IDN,Archery,3,,,,,,,,
1988,IRN,Wrestling,1,,,,,,,,
1988,ITA,Fencing,12,Rowing,7,Biathlon,5,Modern Pentathlon,4,Athletics,3
1988,JPN,Gymnastics,7,Judo,4,Wrestling,4,Synchronized Swimming,3,Shooting,1
1988,KEN,Athletics,7,Boxing,2,,,,,,
1988,KOR,Handball,25,Hockey,16,Archery,10,Wrestling,9,Table Tennis,6
1988,LIE,Alpine Skiing,1,,,,,,,,
1988,MAR,Athletics,2,Boxing,1,,,,,,
1988,MEX,Boxing,1,Diving,1,,,,,,
1988,NLD,Hockey,32,Speed Skating,7,Swimming,5,Canoeing,2,Cycling,2
1988,NOR,Handball,14,Cross Country Skiing,6,Ski Jumping,5,Rowing,4,Sailing,2
1988,NZL,Rowing,8,Canoeing,5,Equestrianism,5,Sailing,4,Swimming,2
1988,PAK,Boxing,1,,,,,,,,
1988,PER,Volleyball,12,,,,,,,,
1988,PHL,Boxing,1,,,,,,,,
1988,POL,Canoeing,5,Boxing,4,Cycling,4,Wrestling,3,Judo,2
1988,PRT,Athletics,1,,,,,,,,
1988,ROU,Rowing,36,Gymnastics,14,Athletics,2,Swimming,2,Boxing,1
1988,SWE,Ice Hockey,22,Cross Country Skiing,5,Cycling,4,Tennis,3,Boxing,2
1988,TCH,Tennis,5,Cross Country Skiing,4,Athletics,2,Shooting,2,Ski Jumping,2
1988,THA,Boxing,1,,,,,,,,
1988,TUR,Weightlifting,1,Wrestling,1,,,,,,
1988,URS,Athletics,36,Gymnastics,29,Handball,29,Basketball,24,Volleyball,24
1988,USA,Swimming,45,Athletics,40,Basketball,24,Rowing,14,Water Polo,13
1988,YUG,Basketball,24,Handball,15,Water Polo,13,Ski Jumping,5,Table Tennis,4
1988,CRI,Swimming,1,,,,,,,,
1988,JAM,Athletics,7,,,,,,,,
1988,MNG,Boxing,1,,,,,,,,
1988,SEN,Athletics,1,,,,,,,,
1988,FRG,Fencing,19,Football,18,Hockey,16,Equestrianism,14,Rowing,14
1988,GDR,Swimming,45,Rowing,38,Athletics,34,Gymnastics,18,Canoeing,17
1988,SUR,Swimming,1,,,,,,,,
1988,VIR,Sailing,1,,,,,,,,
1988,CHN,Rowing,14,Volleyball,11,Table Tennis,7,Diving,6,Weightlifting,5
1988,DJI,Athletics,1,,,,,,,,
1992,ARG,Tennis,2,,,,,,,,
1992,AUS,Hockey,16,Swimming,9,Cycling,8,Canoeing,6,Rowing,6
1992,AUT,Alpine Skiing,8,Ski Jumping,8,Bobsleigh,4,Equestrianism,4,Luge,4
1992,BEL,Cycling,1,Judo,1,Rowing,1,,,,
1992,BGR,Canoeing,4,Weightlifting,4,Shooting,3,Athletics,2,Boxing,2
1992,BHS,Athletics,1,,,,,,,,
1992,BRA,Volleyball,12,Judo,1,Swimming,1,,,,
1992,CAN,Rowing,25,Ice Hockey,22,Short Track Speed Skating,10,Swimming,6,Athletics,3
1992,CHE,Bobsleigh,6,Alpine Skiing,1,Tennis,1,,,,
1992,COL,Athletics,1,,,,,,,,
1992,CUB,Baseball,20,Athletics,13,Volleyball,10,Boxing,9,Fencing,6
1992,DEU,Rowing,42,Hockey,32,Swimming,27,Canoeing,22,Fencing,15
1992,DNK,Cycling,5,Sailing,5,Canoeing,2,Badminton,1,Boxing,1
1992,ESP,Football,17,Hockey,15,Water Polo,12,Sailing,8,Athletics,4
1992,ETH,Athletics,3,,,,,,,,
1992,FIN,Cross Country Skiing,6,Ski Jumping,6,Archery,3,Athletics,1,Biathlon,1
1992,FRA,Handball,16,Fencing,9,Judo,7,Canoeing,6,Cycling,5
1992,GBR,Hockey,16,Athletics,14,Rowing,5,Archery,4,Judo,4
1992,GHA,Football,20,,,,,,,,
1992,GRC,Athletics,1,Weightlifting,1,,,,,,
1992,HUN,Canoeing,13,Fencing,11,Swimming,9,Judo,4,Boxing,3
1992,IDN,Badminton,6,,,,,,,,
1992,IRL,Boxing,2,,,,,,,,
1992,IRN,Wrestling,3,,,,,,,,
1992,ISR,Judo,2,,,,,,,,
1992,ITA,Cross Country Skiing,14,Water Polo,12,Fencing,7,Rowing,7,Cycling,6
1992,JPN,Baseball,20,Judo,10,Gymnastics,8,Short Track Speed Skating,4,Speed Skating,4
1992,KEN,Athletics,8,,,,,,,,
1992,KOR,Handball,13,Table Tennis,8,Badminton,7,Archery,6,Short Track Speed Skating,6
1992,LUX,Alpine Skiing,2,,,,,,,,
1992,MAR,Athletics,2,Boxing,1,,,,,,
1992,MEX,Athletics,1,,,,,,,,
1992,NGA,Athletics,9,Boxing,2,,,,,,
1992,NLD,Volleyball,12,Equestrianism,9,Cycling,4,Speed Skating,4,Boxing,2
1992,NOR,Handball,14,Cross Country Skiing,11,Speed Skating,5,Alpine Skiing,4,Rowing,4
1992,NZL,Sailing,6,Equestrianism,5,Alpine Skiing,1,Athletics,1,Boxing,1
1992,PAK,Hockey,16,,,,,,,,
1992,PER,Shooting,1,,,,,,,,
1992,PHL,Boxing,1,,,,,,,,
1992,POL,Football,16,Rowing,6,Canoeing,5,Fencing,5,Modern Pentathlon,4
1992,PRI,Boxing,1,,,,,,,,
1992,ROU,Rowing,33,Gymnastics,10,Fencing,5,Athletics,1,Boxing,1
1992,SWE,Handball,16,Canoeing,8,Swimming,6,Biathlon,5,Wrestling,2
1992,TCH,Ice Hockey,22,Ski Jumping,4,Canoeing,3,Athletics,2,Shooting,2
1992,THA,Boxing,1,,,,,,,,
1992,TPE,Baseball,20,,,,,,,,
1992,TUR,Wrestling,4,Judo,1,Weightlifting,1,,,,
1992,USA,Swimming,56,Athletics,48,Basketball,24,Volleyball,24,Sailing,16
1992,ZAF,Tennis,2,Athletics,1,,,,,,
1992,DZA,Athletics,1,Boxing,1,,,,,,
1992,JAM,Athletics,4,,,,,,,,
1992,MNG,Boxing,1,Shooting,1,,,,,,
1992,MYS,Badminton,2,,,,,,,,
1992,PRK,Table Tennis,3,Wrestling,3,Boxing,2,Gymnastics,1,Short Track Speed Skating,1
1992,SUR,Swimming,1,,,,,,,,
1992,CHN,Gymnastics,13,Swimming,13,Basketball,11,Table Tennis,9,Badminton,8
1992,QAT,Athletics,1,,,,,,,,
1992,EST,Sailing,2,Cycling,1,,,,,,
1992,EUN,Swimming,30,Athletics,29,Gymnastics,28,Handball,25,Ice Hockey,22
1992,HRV,Basketball,12,Tennis,3,,,,,,
1992,IOA,Shooting,3,,,,,,,,
1992,LTU,Basketball,12,Athletics,1,,,,,,
1992,LVA,Canoeing,1,Cycling,1,Shooting,1,,,,
1992,NAM,Athletics,2,,,,,,,,
1992,SVN,Rowing,6,,,,,,,,
1994,AUS,Short Track Speed Skating,4,,,,,,,,
1994,AUT,Ski Jumping,5,Alpine Skiing,3,Luge,2,Speed Skating,2,,
1994,CAN,Ice Hockey,21,Short Track Speed Skating,6,Figure Skating,3,Freestyle Skiing,3,Biathlon,2
1994,CHE,Bobsleigh,8,Alpine Skiing,4,Nordic Combined,3,Freestyle Skiing,1,,
1994,DEU,Biathlon,12,Bobsleigh,8,Ski Jumping,6,Speed Skating,6,Alpine Skiing,4
1994,FIN,Ice Hockey,22,Cross Country Skiing,8,,,,,,
1994,FRA,Biathlon,9,Figure Skating,1,Freestyle Skiing,1,,,,
1994,GBR,Figure Skating,2,Short Track Speed Skating,1,,,,,,
1994,ITA,Cross Country Skiing,15,Luge,6,Short Track Speed Skating,5,Alpine Skiing,4,Bobsleigh,2
1994,JPN,Nordic Combined,4,Ski Jumping,4,Speed Skating,2,,,,
1994,KOR,Short Track Speed Skating,9,,,,,,,,
1994,NLD,Speed Skating,4,,,,,,,,
1994,NOR,Cross Country Skiing,10,Alpine Skiing,5,Nordic Combined,5,Speed Skating,5,Ski Jumping,3
1994,SWE,Ice Hockey,22,Alpine Skiing,1,Freestyle Skiing,1,,,,
1994,USA,Short Track Speed Skating,10,Alpine Skiing,4,Speed Skating,3,Figure Skating,1,Freestyle Skiing,1
1994,CHN,Figure Skating,1,Short Track Speed Skating,1,Speed Skating,1,,,,
1994,SVN,Alpine Skiing,3,,,,,,,,
1994,BLR,Biathlon,1,Speed Skating,1,,,,,,
1994,KAZ,Cross Country Skiing,3,,,,,,,,
1994,RUS,Biathlon,11,Figure Skating,9,Cross Country Skiing,8,Speed Skating,5,Freestyle Skiing,2
1994,UKR,Biathlon,1,Figure Skating,1,,,,,,
1994,UZB,Freestyle Skiing,1,,,,,,,,
1996,ARG,Football,18,Boxing,1,Sailing,1,,,,
1996,AUS,Hockey,32,Swimming,25,Rowing,16,Softball,15,Basketball,12
1996,AUT,Shooting,2,Athletics,1,,,,,,
1996,BEL,Judo,4,Sailing,1,Swimming,1,,,,
1996,BGR,Rhythmic Gymnastics,6,Shooting,4,Boxing,3,Weightlifting,3,Canoeing,2
1996,BHS,Athletics,5,,,,,,,,
1996,BRA,Football,17,Basketball,12,Volleyball,12,Sailing,5,Athletics,4
1996,CAN,Rowing,21,Synchronized Swimming,9,Athletics,6,Cycling,5,Swimming,3
1996,CHE,Canoeing,4,Rowing,3,Cycling,2,Equestrianism,1,Gymnastics,1
1996,CUB,Baseball,20,Volleyball,10,Boxing,7,Judo,6,Fencing,4
1996,DEU,Swimming,30,Canoeing,20,Rowing,18,Athletics,10,Equestrianism,10
1996,DNK,Handball,15,Rowing,5,Badminton,1,Cycling,1,Sailing,1
1996,ESP,Handball,16,Hockey,16,Water Polo,12,Rhythmic Gymnastics,6,Sailing,4
1996,ETH,Athletics,3,,,,,,,,
1996,FIN,Athletics,2,Swimming,1,Wrestling,1,,,,
1996,FRA,Cycling,12,Fencing,11,Rowing,10,Judo,6,Athletics,4
1996,GBR,Athletics,11,Rowing,6,Sailing,3,Cycling,2,Swimming,2
1996,GRC,Weightlifting,5,Athletics,1,Gymnastics,1,Sailing,1,,
1996,HKG,Sailing,1,,,,,,,,
1996,HUN,Handball,16,Canoeing,11,Swimming,6,Fencing,5,Athletics,1
1996,IDN,Badminton,6,,,,,,,,
1996,IND,Tennis,1,,,,,,,,
1996,IRL,Swimming,4,,,,,,,,
1996,IRN,Wrestling,3,,,,,,,,
1996,ISR,Sailing,1,,,,,,,,
1996,ITA,Fencing,15,Water Polo,13,Volleyball,12,Canoeing,7,Cycling,5
1996,JPN,Baseball,20,Synchronized Swimming,9,Judo,8,Sailing,2,Athletics,1
1996,KEN,Athletics,8,,,,,,,,
1996,KOR,Handball,16,Hockey,16,Archery,8,Judo,8,Badminton,7
1996,MAR,Athletics,2,,,,,,,,
1996,MEX,Athletics,1,,,,,,,,
1996,NGA,Football,16,Athletics,7,Boxing,1,,,,
1996,NLD,Hockey,32,Rowing,13,Volleyball,12,Equestrianism,6,Cycling,3
1996,NOR,Football,16,Athletics,2,Canoeing,2,Rowing,2,Sailing,1
1996,NZL,Equestrianism,6,Swimming,2,Sailing,1,,,,
1996,PHL,Boxing,1,,,,,,,,
1996,POL,Wrestling,5,Fencing,4,Archery,3,Shooting,3,Athletics,2
1996,PRI,Boxing,1,,,,,,,,
1996,PRT,Sailing,2,Athletics,1,,,,,,
1996,ROU,Gymnastics,15,Rowing,11,Canoeing,4,Fencing,4,Boxing,2
1996,SWE,Handball,16,Canoeing,6,Swimming,4,Sailing,2,Archery,1
1996,THA,Boxing,2,,,,,,,,
1996,TPE,Table Tennis,1,,,,,,,,
1996,TUN,Boxing,1,,,,,,,,
1996,TUR,Wrestling,3,Weightlifting,2,Boxing,1,,,,
1996,UGA,Athletics,1,,,,,,,,
1996,USA,Swimming,60,Athletics,39,Basketball,24,Baseball,20,Football,15
1996,ZAF,Swimming,3,Athletics,2,,,,,,
1996,CRI,Swimming,1,,,,,,,,
1996,DZA,Boxing,2,Athletics,1,,,,,,
1996,JAM,Athletics,16,,,,,,,,
1996,MNG,Judo,1,,,,,,,,
1996,MYS,Badminton,3,,,,,,,,
1996,PRK,Weightlifting,2,Wrestling,2,Judo,1,,,,
1996,TTO,Athletics,2,,,,,,,,
1996,ZMB,Athletics,1,,,,,,,,
1996,ECU,Athletics,1,,,,,,,,
1996,SYR,Athletics,1,,,,,,,,
1996,CHN,Football,15,Softball,15,Gymnastics,12,Swimming,12,Table Tennis,12
1996,MOZ,Athletics,1,,,,,,,,
1996,TON,Boxing,1,,,,,,,,
1996,HRV,Handball,16,Water Polo,12,,,,,,
1996,LTU,Basketball,11,,,,,,,,
1996,LVA,Canoeing,1,,,,,,,,
1996,NAM,Athletics,2,,,,,,,,
1996,SVN,Athletics,1,Canoeing,1,,,,,,
1996,ARM,Wrestling,2,,,,,,,,
1996,BLR,Rowing,10,Athletics,4,Gymnastics,4,Wrestling,4,Shooting,1
1996,CZE,Canoeing,6,Athletics,3,Tennis,3,Shooting,1,,
1996,GEO,Judo,1,Wrestling,1,,,,,,
1996,KAZ,Boxing,4,Shooting,3,Wrestling,2,Modern Pentathlon,1,Weightlifting,1
1996,MDA,Canoeing,2,Wrestling,1,,,,,,
1996,RUS,Gymnastics,20,Swimming,19,Fencing,15,Athletics,10,Rowing,9
1996,SVK,Canoeing,2,Shooting,1,,,,,,
1996,UKR,Gymnastics,11,Athletics,4,Rowing,4,Sailing,4,Wrestling,4
1996,UZB,Boxing,1,Judo,1,,,,,,
1996,AZE,Wrestling,1,,,,,,,,
1996,BDI,Athletics,1,,,,,,,,
1996,SCG,Basketball,12,Volleyball,12,Shooting,2,,,,
1998,AUS,Alpine Skiing,1,,,,,,,,
1998,AUT,Alpine Skiing,11,Ski Jumping,5,Cross Country Skiing,2,Luge,1,Snowboarding,1
1998,BEL,Speed Skating,1,,,,,,,,
1998,BGR,Biathlon,1,,,,,,,,
1998,CAN,Ice Hockey,20,Curling,10,Short Track Speed Skating,10,Speed Skating,5,Bobsleigh,2
1998,CHE,Curling,5,Bobsleigh,4,Alpine Skiing,2,Snowboarding,2,Freestyle Skiing,1
1998,DEU,Biathlon,11,Alpine Skiing,6,Bobsleigh,6,Luge,6,Speed Skating,6
1998,DNK,Curling,5,,,,,,,,
1998,FIN,Ice Hockey,42,Cross Country Skiing,6,Nordic Combined,5,Freestyle Skiing,2,Ski Jumping,2
1998,FRA,Bobsleigh,4,Nordic Combined,4,Figure Skating,3,Alpine Skiing,2,Freestyle Skiing,1
1998,GBR,Bobsleigh,4,,,,,,,,
1998,ITA,Cross Country Skiing,10,Alpine Skiing,2,Bobsleigh,2,Biathlon,1,Luge,1
1998,JPN,Ski Jumping,7,Speed Skating,3,Short Track Speed Skating,2,Freestyle Skiing,1,,
1998,KOR,Short Track Speed Skating,12,,,,,,,,
1998,NLD,Speed Skating,11,,,,,,,,
1998,NOR,Biathlon,11,Cross Country Skiing,11,Curling,5,Nordic Combined,5,Alpine Skiing,4
1998,SWE,Curling,5,Alpine Skiing,1,Cross Country Skiing,1,,,,
1998,USA,Ice Hockey,20,Luge,4,Freestyle Skiing,3,Figure Skating,2,Snowboarding,2
1998,CHN,Short Track Speed Skating,12,Figure Skating,1,Freestyle Skiing,1,,,,
1998,BLR,Biathlon,1,Freestyle Skiing,1,,,,,,
1998,CZE,Ice Hockey,21,Cross Country Skiing,2,,,,,,
1998,KAZ,Cross Country Skiing,1,Speed Skating,1,,,,,,
1998,RUS,Ice Hockey,22,Cross Country Skiing,11,Biathlon,9,Figure Skating,9,Nordic Combined,1
1998,UKR,Biathlon,1,,,,,,,,
2000,ARG,Hockey,16,Sailing,4,,,,,,
2000,AUS,Swimming,46,Hockey,32,Rowing,21,Softball,15,Water Polo,13
2000,AUT,Sailing,3,Athletics,1,,,,,,
2000,BEL,Cycling,3,Judo,2,Tennis,2,,,,
2000,BGR,Weightlifting,3,Canoeing,2,Gymnastics,2,Shooting,2,Wrestling,2
2000,BHS,Athletics,11,,,,,,,,
2000,BRA,Basketball,12,Volleyball,12,Beach Volleyball,6,Athletics,5,Equestrianism,4
2000,CAN,Rowing,9,Synchronized Swimming,8,Diving,3,Canoeing,2,Tennis,2
2000,CHE,Equestrianism,4,Fencing,4,Cycling,2,Triathlon,2,Rowing,1
2000,CHL,Football,17,,,,,,,,
2000,COL,Weightlifting,1,,,,,,,,
2000,CUB,Baseball,24,Athletics,9,Volleyball,8,Boxing,6,Judo,5
2000,DEU,Canoeing,17,Football,17,Cycling,14,Rowing,14,Swimming,11
2000,DNK,Handball,15,Rowing,4,Sailing,3,Athletics,1,Badminton,1
2000,ESP,Football,17,Handball,15,Cycling,2,Tennis,2,Athletics,1
2000,ETH,Athletics,8,,,,,,,,
2000,FIN,Sailing,2,Athletics,1,Shooting,1,Wrestling,1,,
2000,FRA,Fencing,14,Basketball,12,Cycling,10,Rowing,8,Judo,6
2000,GBR,Rowing,17,Cycling,10,Sailing,7,Athletics,6,Equestrianism,4
2000,GRC,Rhythmic Gymnastics,6,Weightlifting,5,Athletics,4,Gymnastics,1,Taekwondo,1
2000,HUN,Canoeing,17,Handball,15,Water Polo,13,Boxing,1,Fencing,1
2000,IDN,Badminton,5,Weightlifting,3,,,,,,
2000,IND,Weightlifting,1,,,,,,,,
2000,IRL,Athletics,1,,,,,,,,
2000,IRN,Weightlifting,2,Taekwondo,1,Wrestling,1,,,,
2000,ISL,Athletics,1,,,,,,,,
2000,ISR,Canoeing,1,,,,,,,,
2000,ITA,Fencing,13,Rowing,12,Volleyball,12,Swimming,6,Canoeing,4
2000,JPN,Softball,15,Synchronized Swimming,11,Judo,8,Swimming,7,Athletics,1
2000,KEN,Athletics,7,,,,,,,,
2000,KOR,Baseball,24,Hockey,16,Archery,9,Judo,5,Badminton,4
2000,LKA,Athletics,1,,,,,,,,
2000,MAR,Athletics,4,Boxing,1,,,,,,
2000,MEX,Athletics,2,Boxing,1,Diving,1,Taekwondo,1,Weightlifting,1
2000,NGA,Athletics,7,Weightlifting,1,,,,,,
2000,NLD,Hockey,32,Swimming,16,Rowing,15,Equestrianism,7,Cycling,4
2000,NOR,Football,17,Handball,15,Sailing,3,Athletics,2,Canoeing,2
2000,NZL,Sailing,2,Equestrianism,1,Rowing,1,,,,
2000,POL,Canoeing,10,Athletics,4,Fencing,4,Rowing,2,Weightlifting,2
2000,PRT,Athletics,1,Judo,1,,,,,,
2000,ROU,Rowing,13,Gymnastics,11,Canoeing,8,Athletics,5,Swimming,4
2000,SWE,Handball,15,Swimming,9,Canoeing,2,Shooting,2,Athletics,1
2000,THA,Boxing,2,Weightlifting,1,,,,,,
2000,TPE,Taekwondo,2,Weightlifting,2,Table Tennis,1,,,,
2000,TUR,Wrestling,2,Judo,1,Taekwondo,1,Weightlifting,1,,
2000,URY,Cycling,1,,,,,,,,
2000,USA,Swimming,66,Athletics,28,Baseball,24,Basketball,23,Softball,15
2000,VNM,Taekwondo,1,,,,,,,,
2000,ZAF,Athletics,3,Swimming,2,,,,,,
2000,CMR,Football,18,,,,,,,,
2000,CRI,Swimming,2,,,,,,,,
2000,DZA,Athletics,4,Boxing,1,,,,,,
2000,JAM,Athletics,23,,,,,,,,
2000,PRK,Boxing,1,Judo,1,Weightlifting,1,Wrestling,1,,
2000,TTO,Athletics,2,,,,,,,,
2000,BRB,Athletics,1,,,,,,,,
2000,KWT,Shooting,1,,,,,,,,
2000,SAU,Athletics,1,Equestrianism,1,,,,,,
2000,CHN,Diving,14,Badminton,12,Gymnastics,12,Table Tennis,12,Shooting,8
2000,MOZ,Athletics,1,,,,,,,,
2000,QAT,Weightlifting,1,,,,,,,,
2000,EST,Judo,2,Athletics,1,,,,,,
2000,HRV,Rowing,9,Weightlifting,1,,,,,,
2000,LTU,Basketball,12,Rowing,2,Athletics,1,Cycling,1,Shooting,1
2000,LVA,Athletics,1,Gymnastics,1,Judo,1,,,,
2000,SVN,Rowing,2,Shooting,1,,,,,,
2000,ARM,Weightlifting,1,,,,,,,,
2000,BLR,Rhythmic Gymnastics,7,Athletics,5,Shooting,4,Weightlifting,2,Judo,1
2000,CZE,Canoeing,3,Athletics,2,Shooting,2,Boxing,1,Triathlon,1
2000,GEO,Wrestling,3,Boxing,1,Judo,1,Weightlifting,1,,
2000,KAZ,Boxing,4,Athletics,1,Cycling,1,Wrestling,1,,
2000,KGZ,Judo,1,,,,,,,,
2000,MDA,Boxing,1,Shooting,1,,,,,,
2000,RUS,Gymnastics,25,Water Polo,25,Volleyball,24,Athletics,18,Handball,15
2000,SVK,Canoeing,4,Swimming,2,,,,,,
2000,UKR,Gymnastics,7,Boxing,5,Cycling,5,Swimming,4,Archery,3
2000,UZB,Boxing,3,Wrestling,1,,,,,,
2000,AZE,Boxing,1,Shooting,1,Wrestling,1,,,,
2000,MKD,Wrestling,1,,,,,,,,
2000,SCG,Water Polo,13,Volleyball,11,Shooting,1,,,,
2002,AUS,Freestyle Skiing,1,Short Track Speed Skating,1,,,,,,
2002,AUT,Alpine Skiing,9,Nordic Combined,6,Cross Country Skiing,2,Biathlon,1,Luge,1
2002,BGR,Short Track Speed Skating,2,Biathlon,1,,,,,,
2002,CAN,Ice Hockey,42,Short Track Speed Skating,14,Curling,10,Speed Skating,3,Figure Skating,2
2002,CHE,Curling,10,Bobsleigh,4,Cross Country Skiing,4,Ski Jumping,2,Snowboarding,2
2002,DEU,Biathlon,15,Cross Country Skiing,11,Bobsleigh,10,Speed Skating,8,Luge,6
2002,FIN,Nordic Combined,7,Ski Jumping,5,Freestyle Skiing,1,,,,
2002,FRA,Biathlon,5,Alpine Skiing,4,Snowboarding,3,Figure Skating,2,Freestyle Skiing,1
2002,GBR,Curling,5,Skeleton,1,,,,,,
2002,ITA,Cross Country Skiing,9,Short Track Speed Skating,5,Alpine Skiing,3,Figure Skating,2,Luge,1
2002,JPN,Freestyle Skiing,1,Speed Skating,1,,,,,,
2002,KOR,Short Track Speed Skating,7,,,,,,,,
2002,NLD,Speed Skating,8,,,,,,,,
2002,NOR,Cross Country Skiing,17,Biathlon,12,Curling,5,Alpine Skiing,4,Speed Skating,2
2002,POL,Ski Jumping,2,,,,,,,,
2002,SWE,Ice Hockey,20,Alpine Skiing,2,Biathlon,2,Cross Country Skiing,1,Snowboarding,1
2002,USA,Ice Hockey,43,Bobsleigh,10,Speed Skating,8,Snowboarding,5,Luge,4
2002,CHN,Short Track Speed Skating,14,Figure Skating,2,,,,,,
2002,EST,Cross Country Skiing,3,,,,,,,,
2002,HRV,Alpine Skiing,4,,,,,,,,
2002,SVN,Ski Jumping,4,,,,,,,,
2002,BLR,Freestyle Skiing,1,,,,,,,,
2002,CZE,Cross Country Skiing,2,Freestyle Skiing,1,,,,,,
2002,RUS,Ice Hockey,21,Figure Skating,7,Biathlon,6,Cross Country Skiing,4,,
2004,ARE,Shooting,1,,,,,,,,
2004,ARG,Football,16,Hockey,16,Basketball,12,Sailing,2,Tennis,2
2004,AUS,Swimming,31,Baseball,24,Rowing,19,Cycling,17,Hockey,16
2004,AUT,Sailing,3,Swimming,2,Judo,1,Shooting,1,Triathlon,1
2004,BEL,Cycling,1,Judo,1,Tennis,1,,,,
2004,BGR,Rhythmic Gymnastics,6,Gymnastics,2,Rowing,2,Shooting,2,Weightlifting,2
2004,BHS,Athletics,2,,,,,,,,
2004,BRA,Football,17,Volleyball,12,Beach Volleyball,4,Sailing,3,Judo,2
2004,CAN,Rowing,4,Canoeing,3,Diving,3,Cycling,2,Sailing,2
2004,CHE,Cycling,3,Beach Volleyball,2,Fencing,1,Triathlon,1,,
2004,CHL,Tennis,4,,,,,,,,
2004,COL,Cycling,1,Weightlifting,1,,,,,,
2004,CUB,Baseball,24,Volleyball,12,Boxing,8,Judo,6,Athletics,5
2004,DEU,Hockey,32,Canoeing,19,Football,17,Swimming,17,Handball,15
2004,DNK,Handball,15,Rowing,4,Sailing,4,Athletics,2,Badminton,2
2004,ESP,Cycling,8,Equestrianism,5,Sailing,5,Athletics,3,Beach Volleyball,2
2004,ETH,Athletics,7,,,,,,,,
2004,FIN,Shooting,1,Wrestling,1,,,,,,
2004,FRA,Fencing,14,Swimming,6,Athletics,5,Cycling,5,Equestrianism,5
2004,GBR,Rowing,12,Cycling,10,Sailing,9,Athletics,7,Equestrianism,7
2004,GRC,Water Polo,13,Athletics,5,Sailing,3,Diving,2,Rowing,2
2004,HKG,Table Tennis,2,,,,,,,,
2004,HUN,Canoeing,14,Water Polo,13,Fencing,6,Swimming,2,Athletics,1
2004,IDN,Badminton,4,Weightlifting,1,,,,,,
2004,IND,Shooting,1,,,,,,,,
2004,IRN,Wrestling,3,Taekwondo,2,Weightlifting,1,,,,
2004,ISR,Judo,1,Sailing,1,,,,,,
2004,ITA,Football,17,Water Polo,13,Basketball,12,Volleyball,12,Fencing,11
2004,JPN,Baseball,24,Softball,14,Swimming,11,Synchronized Swimming,11,Judo,10
2004,KEN,Athletics,7,,,,,,,,
2004,KOR,Handball,15,Archery,8,Badminton,7,Table Tennis,4,Taekwondo,4
2004,MAR,Athletics,3,,,,,,,,
2004,MEX,Taekwondo,2,Athletics,1,Cycling,1,,,,
2004,NGA,Athletics,8,,,,,,,,
2004,NLD,Hockey,32,Rowing,20,Swimming,15,Cycling,4,Judo,4
2004,NOR,Canoeing,3,Athletics,1,Cycling,1,Rowing,1,Sailing,1
2004,NZL,Rowing,2,Triathlon,2,Canoeing,1,Cycling,1,,
2004,POL,Swimming,3,Athletics,2,Canoeing,2,Rowing,2,Fencing,1
2004,PRT,Athletics,2,Cycling,1,,,,,,
2004,ROU,Gymnastics,20,Rowing,13,Athletics,3,Swimming,2,Boxing,1
2004,SWE,Equestrianism,4,Athletics,3,Canoeing,2,Sailing,2,Wrestling,1
2004,THA,Weightlifting,4,Boxing,3,Taekwondo,1,,,,
2004,TPE,Archery,6,Taekwondo,3,,,,,,
2004,TUR,Weightlifting,5,Wrestling,3,Athletics,1,Boxing,1,Taekwondo,1
2004,USA,Swimming,65,Athletics,38,Basketball,24,Gymnastics,19,Rowing,18
2004,VEN,Taekwondo,1,Weightlifting,1,,,,,,
2004,ZAF,Swimming,6,Athletics,2,Rowing,2,,,,
2004,ZWE,Swimming,3,,,,,,,,
2004,CMR,Athletics,1,,,,,,,,
2004,DOM,Athletics,1,,,,,,,,
2004,EGY,Boxing,3,Taekwondo,1,Wrestling,1,,,,
2004,JAM,Athletics,13,,,,,,,,
2004,MNG,Judo,1,,,,,,,,
2004,PRK,Boxing,1,Judo,1,Shooting,1,Table Tennis,1,Weightlifting,1
2004,TTO,Swimming,1,,,,,,,,
2004,PRY,Football,17,,,,,,,,
2004,SYR,Boxing,1,,,,,,,,
2004,CHN,Diving,12,Volleyball,12,Shooting,9,Table Tennis,9,Badminton,8
2004,EST,Athletics,1,Judo,1,Rowing,1,,,,
2004,HRV,Handball,15,Rowing,2,Tennis,2,Swimming,1,Weightlifting,1
2004,LTU,Athletics,2,Modern Pentathlon,1,,,,,,
2004,LVA,Athletics,1,Gymnastics,1,Modern Pentathlon,1,Weightlifting,1,,
2004,SVN,Rowing,2,Athletics,1,Judo,1,Sailing,1,,
2004,BLR,Rowing,3,Weightlifting,3,Boxing,2,Canoeing,2,Athletics,1
2004,CZE,Rowing,4,Athletics,3,Canoeing,2,Shooting,2,Modern Pentathlon,1
2004,GEO,Judo,2,Weightlifting,1,Wrestling,1,,,,
2004,KAZ,Boxing,3,Wrestling,3,Athletics,1,Weightlifting,1,,
2004,RUS,Athletics,27,Volleyball,22,Handball,14,Fencing,13,Water Polo,13
2004,SVK,Canoeing,8,Judo,1,Shooting,1,,,,
2004,UKR,Handball,15,Sailing,5,Canoeing,4,Rowing,4,Archery,3
2004,UZB,Wrestling,3,Boxing,2,,,,,,
2004,AZE,Boxing,2,Shooting,2,Wrestling,1,,,,
2004,SCG,Water Polo,12,Shooting,1,,,,,,
2004,ERI,Athletics,1,,,,,,,,
2006,AUS,Freestyle Skiing,2,,,,,,,,
2006,AUT,Alpine Skiing,14,Nordic Combined,6,Ski Jumping,6,Luge,2,Cross Country Skiing,1
2006,BGR,Short Track Speed Skating,1,,,,,,,,
2006,CAN,Ice Hockey,20,Speed Skating,16,Short Track Speed Skating,12,Curling,10,Cross Country Skiing,3
2006,CHE,Bobsleigh,6,Curling,4,Snowboarding,4,Alpine Skiing,3,Skeleton,2
2006,DEU,Biathlon,17,Cross Country Skiing,10,Bobsleigh,8,Speed Skating,7,Nordic Combined,6
2006,FIN,Ice Hockey,23,Ski Jumping,5,Curling,4,Nordic Combined,4,Cross Country Skiing,2
2006,FRA,Biathlon,10,Alpine Skiing,2,Cross Country Skiing,1,Freestyle Skiing,1,Snowboarding,1
2006,GBR,Skeleton,1,,,,,,,,
2006,ITA,Cross Country Skiing,10,Speed Skating,6,Short Track Speed Skating,4,Luge,3,Bobsleigh,2
2006,JPN,Figure Skating,1,,,,,,,,
2006,KOR,Short Track Speed Skating,18,Speed Skating,1,,,,,,
2006,NLD,Speed Skating,13,,,,,,,,
2006,NOR,Ski Jumping,7,Biathlon,6,Cross Country Skiing,5,Nordic Combined,2,Alpine Skiing,1
2006,POL,Biathlon,1,Cross Country Skiing,1,,,,,,
2006,SWE,Ice Hockey,44,Cross Country Skiing,10,Alpine Skiing,4,Curling,4,Biathlon,2
2006,USA,Ice Hockey,20,Snowboarding,7,Speed Skating,7,Short Track Speed Skating,6,Curling,4
2006,CHN,Short Track Speed Skating,5,Figure Skating,4,Freestyle Skiing,2,Speed Skating,2,,
2006,EST,Cross Country Skiing,3,,,,,,,,
2006,HRV,Alpine Skiing,3,,,,,,,,
2006,LVA,Luge,1,,,,,,,,
2006,BLR,Freestyle Skiing,1,,,,,,,,
2006,CZE,Ice Hockey,24,Cross Country Skiing,3,,,,,,
2006,RUS,Biathlon,11,Cross Country Skiing,11,Speed Skating,7,Figure Skating,6,Bobsleigh,4
2006,SVK,Snowboarding,1,,,,,,,,
2006,UKR,Figure Skating,2,Biathlon,1,,,,,,
2008,AFG,Taekwondo,1,,,,,,,,
2008,ARG,Football,18,Hockey,16,Basketball,12,Cycling,2,Sailing,2
2008,AUS,Swimming,54,Hockey,17,Softball,15,Water Polo,13,Basketball,12
2008,AUT,Canoeing,1,Judo,1,Swimming,1,,,,
2008,BEL,Athletics,5,,,,,,,,
2008,BGR,Wrestling,4,Rowing,1,,,,,,
2008,BHS,Athletics,7,,,,,,,,
2008,BRA,Football,35,Volleyball,24,Athletics,5,Beach Volleyball,4,Sailing,4
2008,CAN,Rowing,17,Equestrianism,5,Athletics,2,Canoeing,2,Diving,2
2008,CHE,Cycling,4,Equestrianism,4,Tennis,2,Judo,1,,
2008,CHL,Tennis,1,,,,,,,,
2008,COL,Weightlifting,1,Wrestling,1,,,,,,
2008,CUB,Baseball,24,Boxing,8,Judo,6,Athletics,5,Cycling,1
2008,DEU,Canoeing,18,Hockey,17,Football,16,Equestrianism,11,Rowing,6
2008,DNK,Rowing,6,Cycling,5,Equestrianism,3,Canoeing,2,Sailing,2
2008,ESP,Hockey,16,Handball,14,Basketball,12,Synchronized Swimming,10,Cycling,5
2008,ETH,Athletics,7,,,,,,,,
2008,FIN,Rowing,2,Shooting,2,Athletics,1,,,,
2008,FRA,Handball,15,Swimming,11,Cycling,9,Fencing,8,Rowing,8
2008,GBR,Rowing,23,Cycling,19,Sailing,10,Athletics,8,Equestrianism,6
2008,GRC,Sailing,3,Rowing,2,Athletics,1,Taekwondo,1,,
2008,HUN,Water Polo,13,Canoeing,9,Swimming,3,Fencing,1,Wrestling,1
2008,IDN,Badminton,5,Weightlifting,2,,,,,,
2008,IND,Boxing,1,Shooting,1,Wrestling,1,,,,
2008,IRL,Boxing,3,,,,,,,,
2008,IRN,Taekwondo,1,Wrestling,1,,,,,,
2008,ISL,Handball,14,,,,,,,,
2008,ISR,Sailing,1,,,,,,,,
2008,ITA,Fencing,16,Rowing,4,Archery,3,Boxing,3,Canoeing,3
2008,JPN,Softball,15,Swimming,8,Gymnastics,7,Judo,7,Wrestling,6
2008,KEN,Athletics,15,,,,,,,,
2008,KOR,Baseball,24,Handball,14,Archery,9,Badminton,6,Table Tennis,6
2008,MAR,Athletics,2,,,,,,,,
2008,MEX,Diving,2,Taekwondo,2,,,,,,
2008,NGA,Football,16,Athletics,6,Taekwondo,1,,,,
2008,NLD,Hockey,16,Water Polo,12,Rowing,11,Swimming,7,Judo,5
2008,NOR,Handball,14,Athletics,2,Swimming,2,Canoeing,1,Rowing,1
2008,NZL,Cycling,6,Rowing,5,Athletics,2,Sailing,1,Triathlon,1
2008,PAN,Athletics,1,,,,,,,,
2008,POL,Rowing,8,Fencing,4,Athletics,2,Canoeing,2,Cycling,1
2008,PRT,Athletics,1,Triathlon,1,,,,,,
2008,ROU,Rowing,11,Gymnastics,7,Fencing,2,Athletics,1,Judo,1
2008,SDN,Athletics,1,,,,,,,,
2008,SGP,Table Tennis,3,,,,,,,,
2008,SWE,Cycling,2,Sailing,2,Tennis,2,Equestrianism,1,,
2008,THA,Boxing,2,Taekwondo,1,Weightlifting,1,,,,
2008,TPE,Taekwondo,2,Weightlifting,2,,,,,,
2008,TUN,Swimming,1,,,,,,,,
2008,TUR,Taekwondo,2,Wrestling,2,Athletics,1,Boxing,1,Weightlifting,1
2008,USA,Swimming,68,Athletics,32,Water Polo,26,Baseball,24,Basketball,24
2008,VEN,Taekwondo,1,,,,,,,,
2008,VNM,Weightlifting,1,,,,,,,,
2008,ZAF,Athletics,1,,,,,,,,
2008,ZWE,Swimming,4,,,,,,,,
2008,CMR,Athletics,1,,,,,,,,
2008,DOM,Boxing,1,Taekwondo,1,,,,,,
2008,DZA,Judo,2,,,,,,,,
2008,EGY,Judo,1,,,,,,,,
2008,JAM,Athletics,14,,,,,,,,
2008,MNG,Boxing,2,Judo,1,Shooting,1,,,,
2008,MYS,Badminton,1,,,,,,,,
2008,PRK,Judo,3,Weightlifting,2,Gymnastics,1,,,,
2008,TTO,Athletics,6,,,,,,,,
2008,ECU,Athletics,1,,,,,,,,
2008,TGO,Canoeing,1,,,,,,,,
2008,CHN,Gymnastics,24,Hockey,16,Diving,15,Swimming,14,Badminton,12
2008,MUS,Boxing,1,,,,,,,,
2008,EST,Rowing,2,Athletics,1,,,,,,
2008,HRV,Taekwondo,2,Athletics,1,Gymnastics,1,Shooting,1,,
2008,LTU,Modern Pentathlon,2,Athletics,1,Sailing,1,Wrestling,1,,
2008,LVA,Athletics,1,Cycling,1,Weightlifting,1,,,,
2008,SVN,Athletics,1,Judo,1,Sailing,1,Shooting,1,Swimming,1
2008,ARM,Weightlifting,3,Wrestling,2,Boxing,1,,,,
2008,BLR,Canoeing,8,Rhythmic Gymnastics,7,Athletics,6,Rowing,3,Weightlifting,3
2008,CZE,Shooting,3,Canoeing,2,Athletics,1,Rowing,1,,
2008,GEO,Wrestling,4,Judo,1,Shooting,1,,,,
2008,KAZ,Wrestling,5,Weightlifting,4,Boxing,2,Judo,1,Taekwondo,1
2008,KGZ,Wrestling,2,,,,,,,,
2008,MDA,Boxing,1,,,,,,,,
2008,RUS,Athletics,25,Handball,14,Basketball,12,Volleyball,12,Synchronized Swimming,11
2008,SVK,Canoeing,8,Shooting,1,Wrestling,1,,,,
2008,UKR,Athletics,5,Wrestling,5,Fencing,4,Shooting,3,Boxing,2
2008,UZB,Judo,2,Wrestling,2,Gymnastics,1,Trampolining,1,,
2008,AZE,Wrestling,4,Judo,2,Boxing,1,,,,
2008,TJK,Judo,1,Wrestling,1,,,,,,
2008,SRB,Water Polo,13,Swimming,1,Tennis,1,,,,
2010,AUS,Freestyle Skiing,2,Snowboarding,1,,,,,,
2010,AUT,Ski Jumping,6,Biathlon,5,Nordic Combined,5,Alpine Skiing,4,Luge,3
2010,CAN,Ice Hockey,43,Short Track Speed Skating,12,Curling,10,Bobsleigh,8,Speed Skating,7
2010,CHE,Curling,4,Alpine Skiing,3,Ski Jumping,2,Cross Country Skiing,1,Freestyle Skiing,1
2010,DEU,Cross Country Skiing,10,Biathlon,8,Bobsleigh,8,Speed Skating,7,Luge,6
2010,FIN,Ice Hockey,41,Cross Country Skiing,5,Snowboarding,1,,,,
2010,FRA,Biathlon,9,Snowboarding,3,Freestyle Skiing,1,Nordic Combined,1,,
2010,GBR,Skeleton,1,,,,,,,,
2010,ITA,Alpine Skiing,1,Cross Country Skiing,1,Luge,1,Nordic Combined,1,Short Track Speed Skating,1
2010,JPN,Speed Skating,5,Figure Skating,2,,,,,,
2010,KOR,Short Track Speed Skating,12,Speed Skating,5,Figure Skating,1,,,,
2010,NLD,Speed Skating,10,Snowboarding,1,,,,,,
2010,NOR,Cross Country Skiing,16,Biathlon,8,Alpine Skiing,4,Curling,4,Ski Jumping,4
2010,POL,Cross Country Skiing,3,Speed Skating,3,Ski Jumping,2,,,,
2010,SWE,Cross Country Skiing,11,Curling,4,Alpine Skiing,2,Biathlon,1,,
2010,USA,Ice Hockey,43,Short Track Speed Skating,14,Alpine Skiing,8,Nordic Combined,7,Speed Skating,7
2010,CHN,Short Track Speed Skating,7,Curling,4,Figure Skating,4,Freestyle Skiing,3,Speed Skating,1
2010,EST,Cross Country Skiing,1,,,,,,,,
2010,HRV,Alpine Skiing,2,Biathlon,1,,,,,,
2010,LVA,Luge,2,Skeleton,1,,,,,,
2010,SVN,Alpine Skiing,2,Cross Country Skiing,1,,,,,,
2010,BLR,Biathlon,2,Freestyle Skiing,1,,,,,,
2010,CZE,Cross Country Skiing,5,Speed Skating,3,Alpine Skiing,1,,,,
2010,KAZ,Biathlon,1,,,,,,,,
2010,RUS,Biathlon,10,Cross Country Skiing,6,Figure Skating,3,Bobsleigh,2,Speed Skating,2
2010,SVK,Biathlon,3,,,,,,,,
2012,AFG,Taekwondo,1,,,,,,,,
2012,ARG,Hockey,15,Sailing,2,Taekwondo,1,Tennis,1,,
2012,AUS,Swimming,32,Hockey,16,Rowing,13,Water Polo,13,Basketball,12
2012,BEL,Judo,1,Sailing,1,Shooting,1,,,,
2012,BGR,Boxing,1,Wrestling,1,,,,,,
2012,BHS,Athletics,4,,,,,,,,
2012,BRA,Volleyball,24,Football,18,Beach Volleyball,4,Judo,4,Boxing,3
2012,CAN,Football,18,Rowing,18,Diving,4,Canoeing,3,Cycling,3
2012,CHE,Cycling,1,Equestrianism,1,Tennis,1,Triathlon,1,,
2012,COL,Cycling,3,Athletics,1,Judo,1,Taekwondo,1,Weightlifting,1
2012,CUB,Boxing,4,Judo,3,Athletics,2,Wrestling,2,Shooting,1
2012,DEU,Rowing,17,Hockey,16,Canoeing,14,Equestrianism,10,Cycling,9
2012,DNK,Rowing,7,Badminton,4,Sailing,3,Cycling,1,Shooting,1
2012,ESP,Handball,15,Basketball,12,Water Polo,12,Synchronized Swimming,10,Sailing,4
2012,ETH,Athletics,7,,,,,,,,
2012,FIN,Sailing,4,Athletics,1,,,,,,
2012,FRA,Swimming,21,Handball,15,Basketball,12,Judo,7,Athletics,6
2012,GBR,Rowing,28,Cycling,19,Hockey,16,Equestrianism,14,Gymnastics,8
2012,GRC,Rowing,2,Judo,1,,,,,,
2012,HKG,Cycling,1,,,,,,,,
2012,HUN,Canoeing,14,Swimming,3,Wrestling,3,Judo,2,Athletics,1
2012,IDN,Weightlifting,2,,,,,,,,
2012,IND,Shooting,2,Wrestling,2,Badminton,1,Boxing,1,,
2012,IRL,Boxing,4,Equestrianism,1,,,,,,
2012,IRN,Wrestling,6,Weightlifting,4,Athletics,1,Taekwondo,1,,
2012,ITA,Fencing,16,Water Polo,13,Volleyball,12,Rhythmic Gymnastics,6,Shooting,5
2012,JPN,Football,18,Swimming,17,Volleyball,12,Gymnastics,7,Judo,7
2012,KEN,Athletics,11,,,,,,,,
2012,KOR,Football,18,Fencing,15,Archery,8,Shooting,5,Judo,3
2012,MAR,Athletics,1,,,,,,,,
2012,MEX,Football,16,Diving,5,Archery,2,Taekwondo,1,,
2012,NLD,Hockey,33,Equestrianism,9,Rowing,9,Swimming,8,Sailing,4
2012,NOR,Handball,14,Canoeing,1,Cycling,1,Fencing,1,,
2012,NZL,Rowing,9,Cycling,7,Equestrianism,5,Sailing,4,Athletics,1
2012,POL,Athletics,2,Canoeing,2,Rowing,2,Sailing,2,Weightlifting,2
2012,PRI,Athletics,1,Wrestling,1,,,,,,
2012,PRT,Canoeing,2,,,,,,,,
2012,ROU,Gymnastics,7,Fencing,4,Judo,2,Weightlifting,2,Shooting,1
2012,SGP,Table Tennis,4,,,,,,,,
2012,SWE,Handball,14,Sailing,3,Wrestling,2,Equestrianism,1,Shooting,1
2012,THA,Boxing,1,Taekwondo,1,Weightlifting,1,,,,
2012,TPE,Taekwondo,1,Weightlifting,1,,,,,,
2012,TUN,Swimming,2,Athletics,1,,,,,,
2012,TUR,Athletics,2,Taekwondo,2,Wrestling,1,,,,
2012,UGA,Athletics,1,,,,,,,,
2012,USA,Swimming,68,Athletics,42,Basketball,24,Football,17,Rowing,17
2012,VEN,Fencing,1,,,,,,,,
2012,ZAF,Rowing,4,Swimming,3,Athletics,1,Canoeing,1,,
2012,DOM,Athletics,2,,,,,,,,
2012,DZA,Athletics,1,,,,,,,,
2012,EGY,Fencing,1,Wrestling,1,,,,,,
2012,JAM,Athletics,25,,,,,,,,
2012,MNG,Boxing,2,Judo,2,Wrestling,1,,,,
2012,MYS,Badminton,1,Diving,1,,,,,,
2012,PRK,Weightlifting,4,Judo,1,Wrestling,1,,,,
2012,TTO,Athletics,10,,,,,,,,
2012,GTM,Athletics,1,,,,,,,,
2012,KWT,Shooting,1,,,,,,,,
2012,GAB,Taekwondo,1,,,,,,,,
2012,SAU,Equestrianism,4,,,,,,,,
2012,BWA,Athletics,1,,,,,,,,
2012,CHN,Swimming,15,Diving,14,Badminton,12,Gymnastics,12,Synchronized Swimming,11
2012,CYP,Sailing,1,,,,,,,,
2012,BRN,Athletics,1,,,,,,,,
2012,GRD,Athletics,1,,,,,,,,
2012,QAT,Athletics,1,Shooting,1,,,,,,
2012,EST,Athletics,1,Wrestling,1,,,,,,
2012,HRV,Handball,15,Water Polo,13,Rowing,4,Athletics,1,Shooting,1
2012,LTU,Boxing,1,Canoeing,1,Modern Pentathlon,1,Swimming,1,Wrestling,1
2012,LVA,Beach Volleyball,2,Cycling,1,,,,,,
2012,SVN,Rowing,2,Athletics,1,Judo,1,Shooting,1,,
2012,ARM,Wrestling,2,Weightlifting,1,,,,,,
2012,BLR,Canoeing,8,Rhythmic Gymnastics,7,Tennis,3,Swimming,2,Weightlifting,2
2012,CZE,Canoeing,5,Athletics,2,Rowing,2,Tennis,2,Cycling,1
2012,GEO,Wrestling,6,Judo,1,,,,,,
2012,KAZ,Boxing,4,Weightlifting,4,Wrestling,3,Athletics,1,Cycling,1
2012,MDA,Weightlifting,2,,,,,,,,
2012,RUS,Athletics,23,Basketball,12,Gymnastics,12,Volleyball,12,Synchronized Swimming,11
2012,SVK,Canoeing,3,Shooting,2,,,,,,
2012,UKR,Athletics,6,Boxing,5,Rowing,4,Canoeing,3,Fencing,2
2012,UZB,Boxing,1,Judo,1,Wrestling,1,,,,
2012,AZE,Wrestling,7,Boxing,2,Weightlifting,1,,,,
2012,TJK,Boxing,1,,,,,,,,
2012,MNE,Handball,14,,,,,,,,
2012,SRB,Water Polo,13,Shooting,2,Taekwondo,1,,,,
2014,AUS,Freestyle Skiing,2,Snowboarding,1,,,,,,
2014,AUT,Alpine Skiing,9,Biathlon,5,Ski Jumping,5,Nordic Combined,4,Luge,2
2014,CAN,Ice Hockey,44,Figure Skating,12,Freestyle Skiing,9,Curling,8,Short Track Speed Skating,6
2014,CHE,Ice Hockey,19,Alpine Skiing,3,Snowboarding,3,Bobsleigh,2,Cross Country Skiing,2
2014,DEU,Luge,9,Nordic Combined,6,Biathlon,5,Ski Jumping,5,Cross Country Skiing,4
2014,FIN,Ice Hockey,24,Cross Country Skiing,8,Snowboarding,1,,,,
2014,FRA,Freestyle Skiing,5,Biathlon,4,Cross Country Skiing,4,Alpine Skiing,2,Snowboarding,2
2014,GBR,Curling,8,Skeleton,1,Snowboarding,1,,,,
2014,ITA,Short Track Speed Skating,6,Biathlon,4,Alpine Skiing,2,Figure Skating,1,Luge,1
2014,JPN,Ski Jumping,5,Snowboarding,3,Figure Skating,1,Freestyle Skiing,1,Nordic Combined,1
2014,KOR,Short Track Speed Skating,9,Speed Skating,4,Figure Skating,1,,,,
2014,NLD,Speed Skating,28,Short Track Speed Skating,1,,,,,,
2014,NOR,Biathlon,12,Cross Country Skiing,12,Nordic Combined,7,Alpine Skiing,3,Ski Jumping,1
2014,POL,Speed Skating,8,Ski Jumping,2,Cross Country Skiing,1,,,,
2014,SWE,Ice Hockey,23,Cross Country Skiing,19,Curling,8,Freestyle Skiing,1,,
2014,USA,Ice Hockey,20,Bobsleigh,10,Figure Skating,10,Freestyle Skiing,7,Alpine Skiing,5
2014,CHN,Short Track Speed Skating,9,Freestyle Skiing,2,Speed Skating,1,,,,
2014,HRV,Alpine Skiing,1,,,,,,,,
2014,LVA,Luge,6,Bobsleigh,4,Skeleton,1,,,,
2014,SVN,Alpine Skiing,2,Ski Jumping,2,Snowboarding,2,Biathlon,1,Cross Country Skiing,1
2014,BLR,Biathlon,4,Freestyle Skiing,2,,,,,,
2014,CZE,Biathlon,8,Speed Skating,2,Snowboarding,1,,,,
2014,KAZ,Figure Skating,1,,,,,,,,
2014,RUS,Figure Skating,17,Biathlon,10,Cross Country Skiing,9,Short Track Speed Skating,8,Bobsleigh,6
2014,SVK,Biathlon,1,,,,,,,,
2014,UKR,Biathlon,5,,,,,,,,
2016,ARE,Judo,1,,,,,,,,
2016,ARG,Hockey,18,Sailing,2,Judo,1,Tennis,1,,
2016,AUS,Swimming,32,Rugby Sevens,12,Rowing,9,Sailing,7,Cycling,6
2016,AUT,Sailing,2,,,,,,,,
2016,BEL,Hockey,16,Cycling,2,Athletics,1,Judo,1,Swimming,1
2016,BGR,Rhythmic Gymnastics,5,Athletics,1,Wrestling,1,,,,
2016,BHS,Athletics,6,,,,,,,,
2016,BRA,Football,17,Volleyball,12,Beach Volleyball,4,Canoeing,4,Gymnastics,3
2016,CAN,Football,18,Swimming,15,Rugby Sevens,12,Athletics,10,Cycling,6
2016,CHE,Rowing,4,Cycling,2,Tennis,2,Gymnastics,1,Shooting,1
2016,COL,Boxing,2,Cycling,2,Weightlifting,2,Athletics,1,Judo,1
2016,CUB,Boxing,6,Wrestling,3,Athletics,1,Judo,1,,
2016,DEU,Football,35,Hockey,33,Rowing,17,Canoeing,16,Equestrianism,15
2016,DNK,Handball,14,Cycling,7,Rowing,6,Swimming,5,Badminton,3
2016,ESP,Basketball,24,Canoeing,5,Rhythmic Gymnastics,5,Athletics,2,Swimming,2
2016,ETH,Athletics,8,,,,,,,,
2016,FIN,Boxing,1,,,,,,,,
2016,FJI,Rugby Sevens,13,,,,,,,,
2016,FRA,Handball,31,Equestrianism,9,Fencing,9,Swimming,8,Athletics,6
2016,GBR,Rowing,26,Cycling,20,Hockey,16,Athletics,14,Swimming,13
2016,GRC,Sailing,2,Shooting,2,Athletics,1,Gymnastics,1,Swimming,1
2016,HUN,Canoeing,7,Fencing,7,Swimming,7,Athletics,1,,
2016,IDN,Badminton,2,Weightlifting,2,,,,,,
2016,IND,Badminton,1,Wrestling,1,,,,,,
2016,IRL,Rowing,2,Sailing,1,,,,,,
2016,IRN,Wrestling,5,Weightlifting,2,Taekwondo,1,,,,
2016,ISR,Judo,2,,,,,,,,
2016,ITA,Water Polo,26,Volleyball,12,Fencing,7,Shooting,7,Rowing,6
2016,JPN,Judo,12,Swimming,10,Synchronized Swimming,10,Gymnastics,7,Table Tennis,7
2016,KEN,Athletics,13,,,,,,,,
2016,KOR,Archery,9,Taekwondo,5,Judo,3,Badminton,2,Fencing,2
2016,MAR,Boxing,1,,,,,,,,
2016,MEX,Athletics,1,Boxing,1,Diving,1,Modern Pentathlon,1,Taekwondo,1
2016,NGA,Football,18,,,,,,,,
2016,NLD,Hockey,16,Rowing,15,Cycling,6,Beach Volleyball,2,Sailing,2
2016,NOR,Handball,14,Rowing,4,Wrestling,1,,,,
2016,NZL,Rugby Sevens,12,Sailing,7,Rowing,5,Athletics,4,Canoeing,3
2016,PHL,Weightlifting,1,,,,,,,,
2016,POL,Rowing,6,Athletics,3,Canoeing,3,Cycling,2,Modern Pentathlon,1
2016,PRI,Tennis,1,,,,,,,,
2016,PRT,Judo,1,,,,,,,,
2016,ROU,Rowing,9,Fencing,4,Tennis,2,Wrestling,1,,
2016,SGP,Swimming,1,,,,,,,,
2016,SWE,Football,18,Swimming,3,Cycling,2,Wrestling,2,Equestrianism,1
2016,THA,Weightlifting,4,Taekwondo,2,,,,,,
2016,TPE,Archery,3,Weightlifting,2,,,,,,
2016,TUN,Fencing,1,Taekwondo,1,Wrestling,1,,,,
2016,TUR,Wrestling,5,Athletics,1,Taekwondo,1,Weightlifting,1,,
2016,USA,Swimming,71,Athletics,46,Basketball,24,Volleyball,24,Gymnastics,16
2016,VEN,Athletics,1,Boxing,1,Cycling,1,,,,
2016,VNM,Shooting,2,,,,,,,,
2016,ZAF,Rugby Sevens,13,Athletics,4,Swimming,3,Rowing,2,Triathlon,1
2016,CIV,Taekwondo,2,,,,,,,,
2016,DOM,Taekwondo,1,,,,,,,,
2016,DZA,Athletics,2,,,,,,,,
2016,EGY,Weightlifting,2,Taekwondo,1,,,,,,
2016,JAM,Athletics,30,,,,,,,,
2016,MNG,Boxing,1,Judo,1,,,,,,
2016,MYS,Badminton,5,Diving,2,Cycling,1,,,,
2016,NER,Taekwondo,1,,,,,,,,
2016,PRK,Weightlifting,4,Gymnastics,1,Shooting,1,Table Tennis,1,,
2016,TTO,Athletics,1,,,,,,,,
2016,CHN,Diving,14,Volleyball,12,Synchronized Swimming,11,Gymnastics,10,Table Tennis,10
2016,JOR,Taekwondo,1,,,,,,,,
2016,BRN,Athletics,2,,,,,,,,
2016,GRD,Athletics,1,,,,,,,,
2016,QAT,Athletics,1,,,,,,,,
2016,EST,Rowing,4,,,,,,,,
2016,HRV,Water Polo,13,Athletics,3,Rowing,3,Sailing,3,Boxing,1
2016,IOA,Shooting,2,,,,,,,,
2016,LTU,Rowing,4,Canoeing,2,Weightlifting,1,,,,
2016,SVN,Judo,2,Canoeing,1,Sailing,1,,,,
2016,ARM,Weightlifting,2,Wrestling,2,,,,,,
2016,BLR,Canoeing,4,Wrestling,3,Weightlifting,2,Athletics,1,Swimming,1
2016,CZE,Canoeing,6,Tennis,5,Athletics,1,Cycling,1,Judo,1
2016,GEO,Wrestling,3,Judo,2,Weightlifting,2,,,,
2016,KAZ,Weightlifting,6,Boxing,5,Wrestling,3,Judo,2,Athletics,1
2016,RUS,Gymnastics,16,Fencing,15,Handball,15,Water Polo,13,Synchronized Swimming,11
2016,SVK,Canoeing,7,Athletics,1,,,,,,
2016,UKR,Fencing,5,Canoeing,3,Gymnastics,2,Athletics,1,Modern Pentathlon,1
2016,UZB,Boxing,7,Wrestling,3,Judo,2,Weightlifting,1,,
2016,AZE,Wrestling,9,Taekwondo,3,Boxing,2,Canoeing,2,Judo,2
2016,BDI,Athletics,1,,,,,,,,
2016,TJK,Athletics,1,,,,,,,,
2016,SRB,Basketball,24,Water Polo,13,Volleyball,12,Canoeing,2,Athletics,1
